learning_rate,best_threshold,threshold_accuracy,threshold_precision,threshold_recall,threshold_macro_f1,threshold_weighted_f1
2e-05,0.4,0.8864734299516909,1.0,0.7863636363636364,0.8861805738352198,0.88581799007197
3e-05,0.4,0.8864734299516909,1.0,0.7863636363636364,0.8861805738352198,0.88581799007197
