learning_rate,best_threshold,threshold_accuracy,threshold_precision,threshold_recall,threshold_macro_f1,threshold_weighted_f1
2e-05,0.35,0.845,0.9683257918552036,0.7133333333333334,0.8422654971322285,0.8422654971322284
3e-05,0.3,0.8533333333333334,0.9732142857142857,0.7266666666666667,0.8509417769546954,0.8509417769546953
