{
  "accuracy": 0.495,
  "macro_f1": 0.34517398993628234,
  "model": "afriberta_5e",
  "precision": 0.38461538461538464,
  "recall": 0.016666666666666666,
  "weighted_f1": 0.34517398993628234
}