{
  "accuracy": 0.5033333333333333,
  "macro_f1": 0.34069824038702634,
  "model": "afroxlmr_repro_5e",
  "precision": 1.0,
  "recall": 0.006666666666666667,
  "weighted_f1": 0.34069824038702634
}