{
  "accuracy": 0.5208333333333334,
  "macro_f1": 0.3780281690140845,
  "model": "afroxlmr_chatgpt_to_qwen",
  "precision": 1.0,
  "recall": 0.041666666666666664,
  "weighted_f1": 0.3780281690140845
}