{
  "accuracy": 0.5016666666666667,
  "macro_f1": 0.3483922286511283,
  "model": "mbert_5e",
  "precision": 0.5555555555555556,
  "recall": 0.016666666666666666,
  "weighted_f1": 0.3483922286511283
}