{
  "accuracy": 0.6583333333333333,
  "macro_f1": 0.6131771365673402,
  "model": "afroxlmr_chatgpt_to_qwen_5e",
  "precision": 1.0,
  "recall": 0.31666666666666665,
  "weighted_f1": 0.6131771365673402
}