{
  "accuracy": 0.5016666666666667,
  "macro_f1": 0.33993399339933994,
  "model": "afroxlmr_focal_5e",
  "precision": 0.6666666666666666,
  "recall": 0.006666666666666667,
  "weighted_f1": 0.33993399339933994
}