{
  "accuracy": 0.495,
  "macro_f1": 0.3340049455078304,
  "model": "xlmr",
  "precision": 0.2,
  "recall": 0.0033333333333333335,
  "weighted_f1": 0.3340049455078304
}