{
  "accuracy": 0.495,
  "macro_f1": 0.35568243437210934,
  "model": "mbert",
  "precision": 0.42857142857142855,
  "recall": 0.03,
  "weighted_f1": 0.35568243437210934
}