{
  "accuracy": 0.505,
  "macro_f1": 0.41530637355426137,
  "model": "afriberta",
  "precision": 0.5230769230769231,
  "recall": 0.11333333333333333,
  "weighted_f1": 0.41530637355426137
}