{
  "accuracy": 0.5016666666666667,
  "macro_f1": 0.34279695942851907,
  "model": "xlmr_5e",
  "precision": 0.6,
  "recall": 0.01,
  "weighted_f1": 0.34279695942851907
}